{
	"credit": "Made with Blockbench",
	"textures": {
		"0": "minecraft:block/dark_oak_log_top",
		"1": "minecraft:block/dark_oak_log",
		"2": "ems:block/enchanting_migration_station/enchanting_migration_station_top",
		"3": "ems:block/enchanting_migration_station/enchanting_migration_station",
		"4": "minecraft:item/feather",
		"5": "minecraft:item/enchanted_book",
		"6": "minecraft:entity/enchanting_table_book",
		"7": "minecraft:block/candle",
		"particle": "minecraft:block/dark_oak_log_top"
	},
	"elements": [
		{
			"from": [0, 0, 0],
			"to": [16, 16, 16],
			"faces": {
				"north": {"uv": [0, 0, 16, 16], "texture": "#1"},
				"east": {"uv": [0, 0, 16, 16], "texture": "#1"},
				"south": {"uv": [0, 0, 16, 16], "texture": "#1"},
				"west": {"uv": [0, 0, 16, 16], "texture": "#1"},
				"up": {"uv": [0, 0, 16, 16], "texture": "#0"},
				"down": {"uv": [0, 0, 16, 16], "texture": "#0"}
			}
		},
		{
			"from": [-0.1, 11, -0.1],
			"to": [16.1, 16.1, 16.1],
			"faces": {
				"north": {"uv": [0, 0, 16, 5.1], "texture": "#3"},
				"east": {"uv": [0, 0, 16, 5.1], "texture": "#3"},
				"south": {"uv": [0, 0, 16, 5.1], "texture": "#3"},
				"west": {"uv": [0, 0, 16, 5.1], "texture": "#3"},
				"up": {"uv": [0, 0, 16, 16], "texture": "#2"},
				"down": {"uv": [0, 0, 16, 16], "texture": "#missing"}
			}
		},
		{
			"from": [2, 16, 11],
			"to": [5, 18, 14],
			"faces": {
				"north": {"uv": [13, 11, 16, 13], "texture": "#3"},
				"east": {"uv": [13, 11, 16, 13], "texture": "#3"},
				"south": {"uv": [13, 11, 16, 13], "texture": "#3"},
				"west": {"uv": [13, 11, 16, 13], "texture": "#3"},
				"up": {"uv": [13, 13, 16, 16], "texture": "#3"},
				"down": {"uv": [0, 0, 3, 3], "texture": "#missing"}
			}
		},
		{
			"from": [2.6, 18, 11.6],
			"to": [4.4, 18.8, 13.4],
			"faces": {
				"north": {"uv": [7.2, 14, 9, 14.8], "texture": "#3"},
				"east": {"uv": [7, 14, 8.8, 14.8], "texture": "#3"},
				"south": {"uv": [7, 14, 8.8, 14.8], "texture": "#3"},
				"west": {"uv": [7, 14, 8.8, 14.8], "texture": "#3"},
				"up": {"uv": [7, 13, 8.8, 14.8], "texture": "#3"},
				"down": {"uv": [7, 13, 8.8, 14.8], "texture": "#3"}
			}
		},
		{
			"from": [2.83654, 17.9, 12.56346],
			"to": [7.33654, 22.4, 12.56346],
			"rotation": {"angle": 0, "axis": "z", "origin": [3.3, 18.4, 14.3]},
			"faces": {
				"north": {"uv": [0, 0, 16, 16], "rotation": 270, "texture": "#4"},
				"east": {"uv": [0, 0, 2, 0], "rotation": 270, "texture": "#missing"},
				"south": {"uv": [0, 16, 16, 0], "rotation": 270, "texture": "#4"},
				"west": {"uv": [0, 0, 2, 0], "rotation": 270, "texture": "#missing"},
				"up": {"uv": [0, 0, 0, 2], "rotation": 90, "texture": "#missing"},
				"down": {"uv": [0, 0, 0, 2], "rotation": 90, "texture": "#missing"}
			}
		},
		{
			"from": [5.5, 16.2, 1],
			"to": [10.5, 16.2, 9],
			"faces": {
				"up": {"uv": [3.75, 0, 5.5, 5], "rotation": 180, "texture": "#6"},
				"down": {"uv": [1, 0, 3, 5], "rotation": 180, "texture": "#6"}
			}
		},
		{
			"from": [5.5, 17.2, 1],
			"to": [10.5, 17.2, 9],
			"faces": {
				"up": {"uv": [1.5, 0, 3, 5], "rotation": 180, "texture": "#6"},
				"down": {"uv": [1, 0, 3, 5], "rotation": 180, "texture": "#6"}
			}
		},
		{
			"from": [5.9, 16.1999, 1.4],
			"to": [10.5, 17.1999, 8.6],
			"faces": {
				"north": {"uv": [3.25, 9, 4.75, 9.5], "texture": "#6"},
				"south": {"uv": [0.25, 9, 1.5, 9.5], "texture": "#6"},
				"west": {"uv": [5.25, 5.5, 5.5, 9.5], "rotation": 90, "texture": "#6"}
			}
		},
		{
			"from": [10.4999, 16.2, 1],
			"to": [10.4999, 17.2, 9],
			"faces": {
				"north": {"uv": [3.25, 9, 4.75, 9.5], "texture": "#6"},
				"east": {"uv": [1.5, 0, 1.75, 5], "rotation": 90, "texture": "#6"},
				"south": {"uv": [0.25, 9, 1.5, 9.5], "texture": "#6"},
				"west": {"uv": [1.5, 0, 1.75, 4.75], "rotation": 90, "texture": "#6"}
			}
		},
		{
			"from": [11.7, 15.9, 12.6],
			"to": [12.3, 16.5, 13.2],
			"faces": {
				"north": {"uv": [0, 14, 0.6, 14.6], "texture": "#7"},
				"east": {"uv": [0, 14, 0.6, 14.6], "texture": "#7"},
				"south": {"uv": [0, 14, 0.6, 14.6], "texture": "#7"},
				"west": {"uv": [0, 14, 0.6, 14.6], "texture": "#7"},
				"up": {"uv": [0, 14, 0.6, 14.6], "texture": "#7"},
				"down": {"uv": [0, 14, 0.6, 14.6], "texture": "#7"}
			}
		},
		{
			"from": [11.8, 15.7, 10.7],
			"to": [12.5, 16.7, 11.5],
			"faces": {
				"north": {"uv": [1, 15, 1.9, 16], "texture": "#7"},
				"east": {"uv": [1, 15, 2, 16], "texture": "#7"},
				"south": {"uv": [1, 15, 1.9, 16], "texture": "#7"},
				"west": {"uv": [1, 15, 2, 16], "texture": "#7"},
				"up": {"uv": [1, 15, 1.9, 16], "texture": "#7"},
				"down": {"uv": [1, 15, 1.9, 16], "texture": "#7"}
			}
		},
		{
			"from": [13.2, 16, 10.8],
			"to": [14.2, 17, 11.7],
			"faces": {
				"north": {"uv": [0, 13, 1.2, 14.2], "texture": "#7"},
				"east": {"uv": [0, 13, 1.1, 14.2], "texture": "#7"},
				"south": {"uv": [0, 13, 1.2, 14.2], "texture": "#7"},
				"west": {"uv": [0, 13, 1.1, 14.2], "texture": "#7"},
				"up": {"uv": [0, 13, 1.2, 14.1], "texture": "#7"},
				"down": {"uv": [0, 13, 1.2, 14.1], "texture": "#7"}
			}
		},
		{
			"from": [13.5, 16, 12.5],
			"to": [14, 17.1, 13.1],
			"faces": {
				"north": {"uv": [0, 13, 1.2, 14.2], "texture": "#7"},
				"east": {"uv": [0, 13, 1.1, 14.2], "texture": "#7"},
				"south": {"uv": [0, 13, 1.2, 14.2], "texture": "#7"},
				"west": {"uv": [0, 13, 1.1, 14.2], "texture": "#7"},
				"up": {"uv": [0, 13, 1.2, 14.1], "texture": "#7"},
				"down": {"uv": [0, 13, 1.2, 14.1], "texture": "#7"}
			}
		},
		{
			"from": [12.7, 21.6, 10.9],
			"to": [12.7, 22.2, 11.7],
			"rotation": {"angle": -45, "axis": "y", "origin": [12, 22, 12]},
			"faces": {
				"north": {"uv": [0, 0, 0, 0.6], "texture": "#missing"},
				"east": {"uv": [0, 5, 1, 5.6], "texture": "#7"},
				"south": {"uv": [0, 0, 0, 0.6], "texture": "#missing"},
				"west": {"uv": [0, 5, 1, 5.6], "texture": "#7"},
				"up": {"uv": [0, 0, 0, 1], "texture": "#missing"},
				"down": {"uv": [0, 0, 0, 1], "texture": "#missing"}
			}
		},
		{
			"from": [12.7, 21.6, 12.3],
			"to": [12.7, 22.2, 13.1],
			"rotation": {"angle": 45, "axis": "y", "origin": [12, 22, 12]},
			"faces": {
				"north": {"uv": [0, 0, 0, 0.6], "texture": "#missing"},
				"east": {"uv": [0, 5, 1, 5.6], "texture": "#7"},
				"south": {"uv": [0, 0, 0, 0.6], "texture": "#missing"},
				"west": {"uv": [0, 5, 1, 5.6], "texture": "#7"},
				"up": {"uv": [0, 0, 0, 1], "texture": "#missing"},
				"down": {"uv": [0, 0, 0, 1], "texture": "#missing"}
			}
		},
		{
			"from": [12.2, 16, 11.2],
			"to": [13.8, 21.6, 12.8],
			"faces": {
				"north": {"uv": [0, 8, 2, 14], "texture": "#7"},
				"east": {"uv": [0, 8, 2, 14], "texture": "#7"},
				"south": {"uv": [0, 8, 2, 14], "texture": "#7"},
				"west": {"uv": [0, 8, 2, 14], "texture": "#7"},
				"up": {"uv": [0, 6, 2, 8], "texture": "#7"},
				"down": {"uv": [0, 6, 2, 8], "texture": "#7"}
			}
		}
	],
	"display": {
		"thirdperson_righthand": {
			"rotation": [75, 45, 0],
			"translation": [0, 2.5, 0],
			"scale": [0.375, 0.375, 0.375]
		},
		"thirdperson_lefthand": {
			"rotation": [75, 45, 0],
			"translation": [0, 2.5, 0],
			"scale": [0.375, 0.375, 0.375]
		},
		"firstperson_righthand": {
			"rotation": [180, 0, 180],
			"scale": [0.4, 0.4, 0.4]
		},
		"firstperson_lefthand": {
			"rotation": [0, 225, 0],
			"scale": [0.4, 0.4, 0.4]
		},
		"ground": {
			"translation": [0, 3, 0],
			"scale": [0.25, 0.25, 0.25]
		},
		"gui": {
			"rotation": [30, 225, 0],
			"scale": [0.625, 0.625, 0.625]
		},
		"head": {
			"translation": [0, -30.5, 0],
			"scale": [1.61111, 1.61111, 1.61111]
		},
		"fixed": {
			"scale": [0.5, 0.5, 0.5]
		}
	},
	"groups": [
		0,
		1,
		{
			"name": "group",
			"origin": [8, 8, 8],
			"color": 0,
			"children": [2, 3, 4]
		},
		{
			"name": "book",
			"origin": [0, 0, 0],
			"color": 0,
			"children": [5, 6, 7, 8]
		},
		{
			"name": "candle",
			"origin": [8, 8, 8],
			"color": 0,
			"children": [9, 10, 11, 12, 13, 14, 15]
		}
	]
}